ID,Título,Categoría,Nivel,Grado,Tipo,Teoría,Ejercicio
1,100 técnicas de redacción de la fonología estructuralista de la lengua castellana,,,,,"..."">
        <select id=""categorySelect"">
       ","-area {
            background: #f8f0e6;
         "
2,JSON completo con las 100 técnicas retóricas estructuradas según los nueve bloques temáticos,Raíces clásicas · operaciones del orador,,,,,
3,JSON completo con las 100 técnicas retóricas estructuradas según los nueve bloques temáticos,Raíces clásicas · operaciones del orador,,,,,
4,JSON completo con las 100 técnicas retóricas estructuradas según los nueve bloques temáticos,Raíces clásicas · operaciones del orador,,,,,
5,JSON completo con las 100 técnicas retóricas estructuradas según los nueve bloques temáticos,Raíces clásicas · operaciones del orador,,,,,
6,JSON completo con las 100 técnicas retóricas estructuradas según los nueve bloques temáticos,Raíces clásicas · operaciones del orador,,,,,
7,JSON completo con las 100 técnicas retóricas estructuradas según los nueve bloques temáticos,Figuras de sonido,,,,,
8,JSON completo con las 100 técnicas retóricas estructuradas según los nueve bloques temáticos,Figuras de sintaxis · repetición,,,,,
9,JSON completo con las 100 técnicas retóricas estructuradas según los nueve bloques temáticos,Figuras de sintaxis · repetición,,,,,
10,JSON completo con las 100 técnicas retóricas estructuradas según los nueve bloques temáticos,Figuras de sintaxis,,,,,
11,JSON completo con las 100 técnicas retóricas estructuradas según los nueve bloques temáticos,Figuras de sintaxis,,,,,
12,JSON completo con las 100 técnicas retóricas estructuradas según los nueve bloques temáticos,Figuras de sintaxis,,,,,
13,JSON completo con las 100 técnicas retóricas estructuradas según los nueve bloques temáticos,Figuras de sintaxis,,,,,
14,JSON completo con las 100 técnicas retóricas estructuradas según los nueve bloques temáticos,Figuras de sintaxis,,,,,
15,JSON completo con las 100 técnicas retóricas estructuradas según los nueve bloques temáticos,Figuras de sintaxis,,,,,
16,JSON completo con las 100 técnicas retóricas estructuradas según los nueve bloques temáticos,Figuras de sintaxis,,,,,
17,JSON completo con las 100 técnicas retóricas estructuradas según los nueve bloques temáticos,Figuras de sintaxis,,,,,
18,JSON completo con las 100 técnicas retóricas estructuradas según los nueve bloques temáticos,Tropos,,,,,
19,JSON completo con las 100 técnicas retóricas estructuradas según los nueve bloques temáticos,Tropos,,,,,
20,JSON completo con las 100 técnicas retóricas estructuradas según los nueve bloques temáticos,Tropos,,,,,
21,JSON completo con las 100 técnicas retóricas estructuradas según los nueve bloques temáticos,Tropos,,,,,
22,JSON completo con las 100 técnicas retóricas estructuradas según los nueve bloques temáticos,Tropos,,,,,
23,JSON completo con las 100 técnicas retóricas estructuradas según los nueve bloques temáticos,Tropos,,,,,
24,JSON completo con las 100 técnicas retóricas estructuradas según los nueve bloques temáticos,Tropos,,,,,
25,JSON completo con las 100 técnicas retóricas estructuradas según los nueve bloques temáticos,Tropos,,,,,
26,JSON completo con las 100 técnicas retóricas estructuradas según los nueve bloques temáticos,Tropos,,,,,
27,JSON completo con las 100 técnicas retóricas estructuradas según los nueve bloques temáticos,Tropos,,,,,
28,JSON completo con las 100 técnicas retóricas estructuradas según los nueve bloques temáticos,Figuras de pensamiento,,,,,
29,JSON completo con las 100 técnicas retóricas estructuradas según los nueve bloques temáticos,Figuras de pensamiento,,,,,
30,JSON completo con las 100 técnicas retóricas estructuradas según los nueve bloques temáticos,Figuras de pensamiento,,,,,
31,JSON completo con las 100 técnicas retóricas estructuradas según los nueve bloques temáticos,Figuras de pensamiento,,,,,
32,JSON completo con las 100 técnicas retóricas estructuradas según los nueve bloques temáticos,Figuras dialógicas,,,,,
33,JSON completo con las 100 técnicas retóricas estructuradas según los nueve bloques temáticos,Figuras dialógicas,,,,,
34,JSON completo con las 100 técnicas retóricas estructuradas según los nueve bloques temáticos,Figuras dialógicas,,,,,
35,JSON completo con las 100 técnicas retóricas estructuradas según los nueve bloques temáticos,Figuras dialógicas,,,,,
36,JSON completo con las 100 técnicas retóricas estructuradas según los nueve bloques temáticos,Argumentación,,,,,
37,JSON completo con las 100 técnicas retóricas estructuradas según los nueve bloques temáticos,Argumentación,,,,,
38,JSON completo con las 100 técnicas retóricas estructuradas según los nueve bloques temáticos,Argumentación,,,,,
39,JSON completo con las 100 técnicas retóricas estructuradas según los nueve bloques temáticos,Argumentación,,,,,
40,JSON completo con las 100 técnicas retóricas estructuradas según los nueve bloques temáticos,Dispositio clásica,,,,,
41,JSON completo con las 100 técnicas retóricas estructuradas según los nueve bloques temáticos,Dispositio clásica,,,,,
42,JSON completo con las 100 técnicas retóricas estructuradas según los nueve bloques temáticos,Dispositio clásica,,,,,
43,JSON completo con las 100 técnicas retóricas estructuradas según los nueve bloques temáticos,Dispositio clásica,,,,,
44,JSON completo con las 100 técnicas retóricas estructuradas según los nueve bloques temáticos,Dispositio clásica,,,,,
45,JSON completo con las 100 técnicas retóricas estructuradas según los nueve bloques temáticos,Tradición castellana,,,,,
46,JSON completo con las 100 técnicas retóricas estructuradas según los nueve bloques temáticos,Tradición castellana · Barroco,,,,,
47,JSON completo con las 100 técnicas retóricas estructuradas según los nueve bloques temáticos,Tradición castellana · Barroco,,,,,
48,JSON completo con las 100 técnicas retóricas estructuradas según los nueve bloques temáticos,Tradición castellana · tópicos,,,,,
49,JSON completo con las 100 técnicas retóricas estructuradas según los nueve bloques temáticos,Tradición castellana · tópicos,,,,,
50,JSON completo con las 100 técnicas retóricas estructuradas según los nueve bloques temáticos,Tradición castellana · tópicos,,,,,
51,JSON completo con las 100 técnicas retóricas estructuradas según los nueve bloques temáticos,Tradición castellana · Baltasar Gracián,,,,,
52,JSON completo con las 100 técnicas retóricas estructuradas según los nueve bloques temáticos,Siglo XX · Vanguardias,,,,,
53,JSON completo con las 100 técnicas retóricas estructuradas según los nueve bloques temáticos,"Siglo XX · Joyce, Woolf",,,,,
54,JSON completo con las 100 técnicas retóricas estructuradas según los nueve bloques temáticos,Siglo XX · teoría literaria,,,,,
55,JSON completo con las 100 técnicas retóricas estructuradas según los nueve bloques temáticos,Siglo XX · narrativa autorreflexiva,,,,,
56,JSON completo con las 100 técnicas retóricas estructuradas según los nueve bloques temáticos,Siglo XX · esperpento,,,,,
57,JSON completo con las 100 técnicas retóricas estructuradas según los nueve bloques temáticos,Siglo XX · figura final,,,,,
58,JSON completo con las 100 técnicas retóricas estructuradas según los nueve bloques temáticos,Operaciones mentales,,,,,
59,JSON completo con las 100 técnicas retóricas estructuradas según los nueve bloques temáticos,Operaciones mentales,,,,,
60,JSON completo con las 100 técnicas retóricas estructuradas según los nueve bloques temáticos,Operaciones mentales,,,,,
61,JSON completo con las 100 técnicas retóricas estructuradas según los nueve bloques temáticos,Operaciones mentales,,,,,
62,JSON completo con las 100 técnicas retóricas estructuradas según los nueve bloques temáticos,Tropos,,,,,
63,JSON completo con las 100 técnicas retóricas estructuradas según los nueve bloques temáticos,Figuras de pensamiento,,,,,
64,JSON completo con las 100 técnicas retóricas estructuradas según los nueve bloques temáticos,Tropos,,,,,
65,JSON completo con las 100 técnicas retóricas estructuradas según los nueve bloques temáticos,Tropos,,,,,
66,JSON completo con las 100 técnicas retóricas estructuradas según los nueve bloques temáticos,Figuras de sonido,,,,,
67,JSON completo con las 100 técnicas retóricas estructuradas según los nueve bloques temáticos,Figuras de sonido,,,,,
68,JSON completo con las 100 técnicas retóricas estructuradas según los nueve bloques temáticos,Figuras de sonido,,,,,
69,JSON completo con las 100 técnicas retóricas estructuradas según los nueve bloques temáticos,Figuras de sonido,,,,,
70,JSON completo con las 100 técnicas retóricas estructuradas según los nueve bloques temáticos,Figuras de sintaxis,,,,,
71,JSON completo con las 100 técnicas retóricas estructuradas según los nueve bloques temáticos,Figuras de métrica,,,,,
72,JSON completo con las 100 técnicas retóricas estructuradas según los nueve bloques temáticos,Figuras de métrica,,,,,
73,JSON completo con las 100 técnicas retóricas estructuradas según los nueve bloques temáticos,Figuras de sintaxis,,,,,
74,JSON completo con las 100 técnicas retóricas estructuradas según los nueve bloques temáticos,Figuras de sintaxis,,,,,
75,JSON completo con las 100 técnicas retóricas estructuradas según los nueve bloques temáticos,Figuras de sintaxis,,,,,
76,JSON completo con las 100 técnicas retóricas estructuradas según los nueve bloques temáticos,Figuras de pensamiento,,,,,
77,JSON completo con las 100 técnicas retóricas estructuradas según los nueve bloques temáticos,Figuras de pensamiento,,,,,
78,JSON completo con las 100 técnicas retóricas estructuradas según los nueve bloques temáticos,Figuras de sintaxis,,,,,
79,JSON completo con las 100 técnicas retóricas estructuradas según los nueve bloques temáticos,Figuras de sintaxis,,,,,
80,JSON completo con las 100 técnicas retóricas estructuradas según los nueve bloques temáticos,Figuras de sintaxis,,,,,
81,JSON completo con las 100 técnicas retóricas estructuradas según los nueve bloques temáticos,Tropos,,,,,
82,JSON completo con las 100 técnicas retóricas estructuradas según los nueve bloques temáticos,Tradición castellana,,,,,
83,JSON completo con las 100 técnicas retóricas estructuradas según los nueve bloques temáticos,Tradición castellana,,,,,
84,JSON completo con las 100 técnicas retóricas estructuradas según los nueve bloques temáticos,Figuras de pensamiento,,,,,
85,JSON completo con las 100 técnicas retóricas estructuradas según los nueve bloques temáticos,Figuras pragmáticas,,,,,
86,JSON completo con las 100 técnicas retóricas estructuradas según los nueve bloques temáticos,Figuras afectivas,,,,,
87,JSON completo con las 100 técnicas retóricas estructuradas según los nueve bloques temáticos,Figuras de pensamiento,,,,,
88,JSON completo con las 100 técnicas retóricas estructuradas según los nueve bloques temáticos,Figuras de pensamiento,,,,,
89,JSON completo con las 100 técnicas retóricas estructuradas según los nueve bloques temáticos,Figuras dialógicas,,,,,
90,JSON completo con las 100 técnicas retóricas estructuradas según los nueve bloques temáticos,Figuras de pensamiento,,,,,
91,JSON completo con las 100 técnicas retóricas estructuradas según los nueve bloques temáticos,Figuras narrativas,,,,,
92,JSON completo con las 100 técnicas retóricas estructuradas según los nueve bloques temáticos,Figuras narrativas,,,,,
93,JSON completo con las 100 técnicas retóricas estructuradas según los nueve bloques temáticos,Figuras narrativas · metaficción,,,,,
94,JSON completo con las 100 técnicas retóricas estructuradas según los nueve bloques temáticos,Figuras de pensamiento,,,,,
95,JSON completo con las 100 técnicas retóricas estructuradas según los nueve bloques temáticos,Figuras de sintaxis,,,,,
96,JSON completo con las 100 técnicas retóricas estructuradas según los nueve bloques temáticos,Figuras de argumentación,,,,,
97,JSON completo con las 100 técnicas retóricas estructuradas según los nueve bloques temáticos,Figuras dialógicas,,,,,
98,JSON completo con las 100 técnicas retóricas estructuradas según los nueve bloques temáticos,Figuras sintácticas,,,,,
99,JSON completo con las 100 técnicas retóricas estructuradas según los nueve bloques temáticos,Figuras sintácticas,,,,,
100,JSON completo con las 100 técnicas retóricas estructuradas según los nueve bloques temáticos,Figuras de pensamiento,,,,,
101,JSON completo con las 100 técnicas retóricas estructuradas según los nueve bloques temáticos,Cierre teórico,,,,,
102,Archivo de Vector Signos de Puntuación,,,,,"</h3>
                <p id=""theoryText"">Cargando.",
103,100 técnicas de redacción en lengua castellana para 5° grado,,,5°,,""",
                tecnicas: [
                   ","rTab"">✍️ Practicar</button></li>
        <li class"
104,Flota Morfológica 100 Técnicas,,,,,"s nuevos."", ejemplo: ""'ciberespacio', 'selfi', 'cl","{ background: rgba(0,0,0,0.25); padding: 0.8rem 1r"
105,100 Técnicas de Sintaxis del Español,sintaxis,,,,"+ ejemplo + aclaración -->
            <div class=","+ respuesta interactiva -->
            <div class"
106,TEATRUM 100 técnicas de dramaturgia,,,,,"musical', rhetoric: 'Estructura',
                ","S Y QUIZ
           =============================="
107,100 técnicas de morfosintaxis bilingüe castellano-inglés nivel A1,morfosintaxis,A1,,,,"rTab"">✍️ Practicar</button>
        </li>
        "
108,50 técnicas completas de Antropolingüística del Castellano en formato JSON,,,,,,
109,"100 técnicas de escritura en español, organizado en tarjetas tipo flashcard y un cuestionario de opc",,,,flashcard,"+ ejemplo + ejercicio</div>
</div>

<script>
    /","{
            background: #e8dfd2;
            pad"
110,Flota RAE  100 Técnicas,,,,,"o un discurso directo."", recurso: ""Dos puntos"", ej","{ background: rgba(0,0,0,0.25); padding: 0.8rem 1r"
111,100 técnicas de la retórica del silogismo y la pregunta en la ciencia ficción,,,,,"· sintaxis · ejemplos</div>
    </div>

    <div c","{
            background: #1a2a3a;
            pad"
112,"100 técnicas sobre los niveles de comprensión lectora (literal, inferencial, crítico-intertextual)",,,,,,"{
            background: #e8dfd2;
            pad"
113,cuaderno-caligrafia-100-tecnicas,,,,tecnica,,las cien técnicas trazándolas con el dedo o el rat
114,cuaderno HTML completo de Psicolingüística del Castellano (100 técnicas),,,,,"de la mente y lenguaje"",
        ""Percepción del h","""Explica la diferencia entre psicolingüística, lin"
115,"100 técnicas para motociclistas viajeros en Colombia, centrado en la ruta de Bucaramanga a la costa ",,,,,"s."",""carretera (concreto), aventura (abstracto)."",",-area { background: #fef9ef; padding: 0.7rem; bord
116,00 técnicas de morfología de la lengua inglesa,,,,,,"{
            background: #f2f6f9;
            pad"
117,🍃 HAIKUM · 100 autores · 100 haikus,,,,,,"S Y QUIZ
           =============================="
118,Archivo de Vector · Tipología del Adjetivo,,,,,"</h3>
                <p id=""theoryText"">Cargando.",
119,cuaderno-parrafo-descriptivo,,,,,,", escribe a mano y firma</p>
  </header>

  <div c"
120,100 técnicas de Retórica Clásica y Figuras Retóricas del Castellano,,,,,,
121,Flota Etimológica 100 Técnicas,,,,,"</strong> ${t.teoria}
                        <but","{ background: rgba(0,0,0,0.25); padding: 0.8rem 1r"
122,Flota Semántica 100 Técnicas,,,,,"nuevo o para renovar el léxico."", recurso: ""Neolog","{ background: rgba(0,0,0,0.25); padding: 0.8rem 1r"
123,100 técnicas de lengua castellana y ortografía para séptimo grado de bachillerato colombiano,,,,,"o consecuencia."", ej:""'Llueve: nos quedaremos en c","rTab"">✍️ Practicar</button>
        </li>
        "
124,Cuaderno Descriptivo  Figuras Retóricas,,,,,"s contradictorios en una misma expresión.', ejempl",".card-descriptivo {
      cursor: pointer;
    }
 "
125,Ensayoteca · 100 técnicas para el ensayo · Edición académica de lujo,,,,,,con la técnica seleccionada. Recibirás evaluación 
126,"100 técnicas de redacción de lengua castellana en ciencias naturales para décimo grado,",,,,,"y aplicaciones)"", desc:""Primera ley (conservación ","rTab"">✍️ Practicar</button></li>
        <li class"
127,Cuaderno de Caligrafía y Sintaxis Bilingüe3,sintaxis,,,,,".card-cuaderno { cursor: pointer; }
    .modo-prac"
128,Archivo de Vector  Figuras Retórica,,,,,,
129,scriptorium-futurista,,,,,,"da"" tras escribir tu ejercicio. Tu texto y tu prog"
130,datos_verbos,,,,,,
131,morfologia_juegos (1),morfologia,,,,,"completado!</h3>
          <p style=""color:rgba(24"
132,100 técnicas de redacción en lengua castellana aplicadas a las matemáticas para undécimo grado (grad,,,,,"de un teorema con sus condiciones e hipótesis"", de","rTab"">✍️ Practicar</button></li>
        <li class"
133,JSON completo de 100 técnicas de Psicolingüística del Castellano para universitarios,,,,,,
134,JSON con 100 técnicas de signos de puntuación en redacción avanzada,Punto,,,,,
135,JSON con 100 técnicas de signos de puntuación en redacción avanzada,Punto,,,,,
136,JSON con 100 técnicas de signos de puntuación en redacción avanzada,Punto,,,,,
137,JSON con 100 técnicas de signos de puntuación en redacción avanzada,Coma,,,,,
138,JSON con 100 técnicas de signos de puntuación en redacción avanzada,Coma,,,,,
139,JSON con 100 técnicas de signos de puntuación en redacción avanzada,Coma,,,,,
140,JSON con 100 técnicas de signos de puntuación en redacción avanzada,Coma,,,,,
141,JSON con 100 técnicas de signos de puntuación en redacción avanzada,Coma,,,,,
142,JSON con 100 técnicas de signos de puntuación en redacción avanzada,Coma,,,,,
143,JSON con 100 técnicas de signos de puntuación en redacción avanzada,Coma,,,,,
144,JSON con 100 técnicas de signos de puntuación en redacción avanzada,Coma,,,,,
145,JSON con 100 técnicas de signos de puntuación en redacción avanzada,Punto y coma,,,,,
146,JSON con 100 técnicas de signos de puntuación en redacción avanzada,Punto y coma,,,,,
147,JSON con 100 técnicas de signos de puntuación en redacción avanzada,Punto y coma,,,,,
148,JSON con 100 técnicas de signos de puntuación en redacción avanzada,Dos puntos,,,,,
149,JSON con 100 técnicas de signos de puntuación en redacción avanzada,Dos puntos,,,,,
150,JSON con 100 técnicas de signos de puntuación en redacción avanzada,Dos puntos,,,,,
151,JSON con 100 técnicas de signos de puntuación en redacción avanzada,Dos puntos,,,,,
152,JSON con 100 técnicas de signos de puntuación en redacción avanzada,Puntos suspensivos,,,,,
153,JSON con 100 técnicas de signos de puntuación en redacción avanzada,Puntos suspensivos,,,,,
154,JSON con 100 técnicas de signos de puntuación en redacción avanzada,Puntos suspensivos,,,,,
155,JSON con 100 técnicas de signos de puntuación en redacción avanzada,Interrogación,,,,,
156,JSON con 100 técnicas de signos de puntuación en redacción avanzada,Interrogación,,,,,
157,JSON con 100 técnicas de signos de puntuación en redacción avanzada,Interrogación,,,,,
158,JSON con 100 técnicas de signos de puntuación en redacción avanzada,Exclamación,,,,,
159,JSON con 100 técnicas de signos de puntuación en redacción avanzada,Exclamación,,,,,
160,JSON con 100 técnicas de signos de puntuación en redacción avanzada,Interrogación y exclamación,,,,,
161,JSON con 100 técnicas de signos de puntuación en redacción avanzada,Paréntesis,,,,,
162,JSON con 100 técnicas de signos de puntuación en redacción avanzada,Paréntesis,,,,,
163,JSON con 100 técnicas de signos de puntuación en redacción avanzada,Paréntesis,,,,,
164,JSON con 100 técnicas de signos de puntuación en redacción avanzada,Corchetes,,,,,
165,JSON con 100 técnicas de signos de puntuación en redacción avanzada,Corchetes,,,,,
166,JSON con 100 técnicas de signos de puntuación en redacción avanzada,Raya,,,,,
167,JSON con 100 técnicas de signos de puntuación en redacción avanzada,Raya,,,,,
168,JSON con 100 técnicas de signos de puntuación en redacción avanzada,Raya,,,,,
169,JSON con 100 técnicas de signos de puntuación en redacción avanzada,Guion,,,,,
170,JSON con 100 técnicas de signos de puntuación en redacción avanzada,Guion,,,,,
171,JSON con 100 técnicas de signos de puntuación en redacción avanzada,Guion,,,,,
172,JSON con 100 técnicas de signos de puntuación en redacción avanzada,Comillas,,,,,
173,JSON con 100 técnicas de signos de puntuación en redacción avanzada,Comillas,,,,,
174,JSON con 100 técnicas de signos de puntuación en redacción avanzada,Comillas,,,,,
175,JSON con 100 técnicas de signos de puntuación en redacción avanzada,Comillas,,,,,
176,JSON con 100 técnicas de signos de puntuación en redacción avanzada,Comillas,,,,,
177,JSON con 100 técnicas de signos de puntuación en redacción avanzada,Comillas,,,,,
178,JSON con 100 técnicas de signos de puntuación en redacción avanzada,Barra,,,,,
179,JSON con 100 técnicas de signos de puntuación en redacción avanzada,Barra,,,,,
180,JSON con 100 técnicas de signos de puntuación en redacción avanzada,Barra,,,,,
181,JSON con 100 técnicas de signos de puntuación en redacción avanzada,Barra,,,,,
182,JSON con 100 técnicas de signos de puntuación en redacción avanzada,Abreviaturas,,,,,
183,JSON con 100 técnicas de signos de puntuación en redacción avanzada,Abreviaturas,,,,,
184,JSON con 100 técnicas de signos de puntuación en redacción avanzada,Abreviaturas,,,,,
185,JSON con 100 técnicas de signos de puntuación en redacción avanzada,Abreviaturas,,,,,
186,JSON con 100 técnicas de signos de puntuación en redacción avanzada,Números,,,,,
187,JSON con 100 técnicas de signos de puntuación en redacción avanzada,Números,,,,,
188,JSON con 100 técnicas de signos de puntuación en redacción avanzada,Coma,,,,,
189,JSON con 100 técnicas de signos de puntuación en redacción avanzada,Coma,,,,,
190,JSON con 100 técnicas de signos de puntuación en redacción avanzada,Punto,,,,,
191,JSON con 100 técnicas de signos de puntuación en redacción avanzada,Punto,,,,,
192,JSON con 100 técnicas de signos de puntuación en redacción avanzada,Raya,,,,,
193,JSON con 100 técnicas de signos de puntuación en redacción avanzada,Dos puntos,,,,,
194,JSON con 100 técnicas de signos de puntuación en redacción avanzada,Puntos suspensivos,,,,,
195,JSON con 100 técnicas de signos de puntuación en redacción avanzada,Guion,,,,,
196,JSON con 100 técnicas de signos de puntuación en redacción avanzada,Punto,,,,,
197,JSON con 100 técnicas de signos de puntuación en redacción avanzada,Punto,,,,,
198,JSON con 100 técnicas de signos de puntuación en redacción avanzada,Punto,,,,,
199,JSON con 100 técnicas de signos de puntuación en redacción avanzada,Interrogación,,,,,
200,JSON con 100 técnicas de signos de puntuación en redacción avanzada,Exclamación,,,,,
201,JSON con 100 técnicas de signos de puntuación en redacción avanzada,Exclamación e interrogación,,,,,
202,JSON con 100 técnicas de signos de puntuación en redacción avanzada,Punto y coma,,,,,
203,JSON con 100 técnicas de signos de puntuación en redacción avanzada,Coma,,,,,
204,JSON con 100 técnicas de signos de puntuación en redacción avanzada,Punto,,,,,
205,JSON con 100 técnicas de signos de puntuación en redacción avanzada,Punto,,,,,
206,JSON con 100 técnicas de signos de puntuación en redacción avanzada,Raya,,,,,
207,JSON con 100 técnicas de signos de puntuación en redacción avanzada,Dos puntos,,,,,
208,JSON con 100 técnicas de signos de puntuación en redacción avanzada,Puntos suspensivos,,,,,
209,JSON con 100 técnicas de signos de puntuación en redacción avanzada,Guion,,,,,
210,JSON con 100 técnicas de signos de puntuación en redacción avanzada,Guion,,,,,
211,JSON con 100 técnicas de signos de puntuación en redacción avanzada,Raya,,,,,
212,JSON con 100 técnicas de signos de puntuación en redacción avanzada,Punto,,,,,
213,JSON con 100 técnicas de signos de puntuación en redacción avanzada,Barra,,,,,
214,JSON con 100 técnicas de signos de puntuación en redacción avanzada,Barra,,,,,
215,JSON con 100 técnicas de signos de puntuación en redacción avanzada,Dos puntos,,,,,
216,JSON con 100 técnicas de signos de puntuación en redacción avanzada,Dos puntos,,,,,
217,JSON con 100 técnicas de signos de puntuación en redacción avanzada,Punto y coma,,,,,
218,JSON con 100 técnicas de signos de puntuación en redacción avanzada,Coma,,,,,
219,JSON con 100 técnicas de signos de puntuación en redacción avanzada,Coma,,,,,
220,JSON con 100 técnicas de signos de puntuación en redacción avanzada,Puntos suspensivos,,,,,
221,JSON con 100 técnicas de signos de puntuación en redacción avanzada,Punto y coma,,,,,
222,JSON con 100 técnicas de signos de puntuación en redacción avanzada,Punto,,,,,
223,JSON con 100 técnicas de signos de puntuación en redacción avanzada,Raya,,,,,
224,JSON con 100 técnicas de signos de puntuación en redacción avanzada,Coma,,,,,
225,JSON con 100 técnicas de signos de puntuación en redacción avanzada,Punto y coma,,,,,
226,JSON con 100 técnicas de signos de puntuación en redacción avanzada,Coma,,,,,
227,JSON con 100 técnicas de signos de puntuación en redacción avanzada,Barra,,,,,
228,JSON con 100 técnicas de signos de puntuación en redacción avanzada,Comillas,,,,,
229,JSON con 100 técnicas de signos de puntuación en redacción avanzada,Dos puntos,,,,,
230,JSON con 100 técnicas de signos de puntuación en redacción avanzada,Raya,,,,,
231,JSON con 100 técnicas de signos de puntuación en redacción avanzada,Barra,,,,,
232,JSON con 100 técnicas de signos de puntuación en redacción avanzada,Punto,,,,,
233,JSON con 100 técnicas de signos de puntuación en redacción avanzada,Coma,,,,,
234,JSON con 100 técnicas de signos de puntuación en redacción avanzada,Puntos suspensivos,,,,,
235,100 técnicas de semántica aplicada al español (español de España e Hispanoamérica),,,,,"de prototipos, metáfora conceptual, presuposicione",""":""¿Cuál es la denotación de 'estrella'?"", ""sugges"
236,100 técnicas del idioma inglés explicadas en lengua castellana para noveno grado de bachillerato col,,,,,,"rTab"">✍️ Practicar</button></li>
        <li class"
237,100 conceptos clave sobre la historia de la lengua castellana,,,,,s clave de la historia de la lengua castellana</ti,""":""Cita tres palabras de origen celta en español."""
238,caligrafo_ articulo _pedagogia-del-programa-clau.md,,,,,de la codificación dual sostiene que la informació,", el botón de voz, la caligrafía elegible, el sell"
239,100 técnicas de redacción de lengua castellana en matemáticas para noveno grado de bachillerato colo,,,,,"s)"", desc:""Población: todos. Muestra: una parte re","rTab"">✍️ Practicar</button></li>
        <li class"
240,100_tecnicas_morfosintaxis_castellana_y_estilo.docx,morfosintaxis,,,,,
241,tails-amd64-7.8.1.img,,,,,,
242,100 técnicas de metonimias de ciencia ficción,,,,tecnica,,
243,caligrafo_diario-personal_cla,,,,,,
244,Archivo de Vector  Fonética Castellana,fonetica,,,,Cargando...,
245,"50 técnicas restantes (técnicas 51-100) del JSON de Psicolingüística del Castellano, completando así",,,,tecnica,,
246,Flota Semiótica 100 Técnicas,,,,tecnica,,
247,100 técnicas de redacción morfosintácticas estructuralistas de la lengua castellana,redaccion,,,tecnica,,"📌 Todas las categorías
🏗️ Morfosintaxis estructura"
248,Archivo de Vector  Fórmulas de Exposición,,,,,,
249,🎨 Flota Graphica  100 Técnicas,,,,tecnica,,
250,100 técnicas de ortografía avanzada nivel B1 (intermedio),ortografia,B1,,tecnica,,"Ninguna técnica coincide con tu búsqueda.
Galera d"
251,100 técnicas de antropología lingüística aplicadas al mundo hispánico e hispanoamericano,,,,tecnica,100 técnicas de antropología lingüística · basado ,
252,100 técnicas de redacción en lengua castellana para 8° grado,redaccion,,8°,tecnica,,📚 Redacción Castellana 8°: Desarrolla competencias
253,100 técnicas de ortografía avanzada para universitarios,ortografia,,,tecnica,,
254,100 técnicas de hipérboles de ciencia ficción,,,,tecnica,,
255,100 técnicas de ortografía avanzada nivel B2 (intermedio-alto),ortografia,B2,,tecnica,,"Ninguna técnica coincide con tu búsqueda.
Galera d"
256,📜 EPISTOLARIA  novela epistolar,,,,,,"🟢 sello de cera
0 / 100 cartas
○ pendientes
✦ la c"
257,cuaderno HTML completamente integrado con el JSON de las 100 técnicas de semántica del castellano,semantica,,,tecnica,,
258,Flota Substantivum 100 Técnicas,,,,tecnica,,
259,100 técnicas del idioma inglés explicadas en lengua castellana para undecimo grado de bachillerato c,,,,tecnica,,🇬🇧 English explained in Spanish: 100 técnicas de i
260,Archivo de Vector  Nombres femeninos con artículos EL UN,,,,,Cargando...,
261,📜 AUTOBIOGRAPHIA  100 autores 100 técnicas,,,,tecnica,,"🟢 sello de cera
0 / 100 memorias
○ pendientes
✦ ca"
262,Cuaderno de Figuras Retóricas 100 técnicas bilingüe,retorica,,,tecnica,,"Great Vibes
100 técnicas
Haz clic en la tarjeta o "
263,"100 técnicas de lectura crítica (tipos, niveles, estrategias), orientadas a la preparación para el c",,,,tecnica,,"📌 Todas las categorías
📖 Lectura crítica (niveles,"
264,Archivo de Vector  El Gerundio,,,,,Cargando...,
265,52 técnicas restantes (técnicas 49-100) del JSON de Psicolingüística del Castellano,,,,tecnica,,
266,GenPlay  100 técnicas de sintaxis generativa transformacional,sintaxis,,,tecnica,"Estructura profunda
Transformaciones
✍️ Escritura
",
267,Redacción · 100 técnicas de gramática generativa,gramatica,,,tecnica,"Este proyecto no persigue un fin normativo, sino d","ℹ️ Sobre este cuaderno
Ninguna técnica coincide co"
268,📜 CÓDICE EPISTOLAR 100 técnicas de carta manuscrita,,,,tecnica,,"🟢 sello de cera
0 / 100 cartas
✦ la carta es el es"
269,Cuaderno Argumentativo  Arquitectura Bilingüe,,,,,,"🏛️ Arquitectura
100 técnicas
📖 ¿Cómo escribir y gu"
270,100 técnicas de sintaxis de la lengua inglesa explicadas en castellano,sintaxis,,,tecnica,"📌 Todas las categorías
🏗️ Sintaxis oracional (estr",
271,100 técnicas de redacción de la fonética estructuralista de la lengua castellana,fonetica,,,tecnica,,"📌 Todas las categorías
🗣️ Fonética estructural (si"
272,📜 APHORISM  100 autores  100 aforismos,,,,,,"🟢 sello de cera
0 / 100 aforismos
○ pendientes
✦ e"
273,100 técnicas de redacción en lengua castellana para 6° grado,redaccion,,6°,tecnica,,📚 Redacción Castellana 6°: Desarrolla tus habilida
274,100 técnicas de redacción en lengua castellana para 2° grado,redaccion,,2°,tecnica,,"📚 Redacción Castellana 2°: Aprende a escribir, lee"
275,2. LÓGICA DE VALIDACIÓN (Backend).js,,,,,,
276,100 Haikus in HTML (1).docx,,,,,,
277,100 técnicas de hipótiposis de ciencia ficción,,,,tecnica,,
278,100 técnicas de aforismo combinado con todas las figuras retóricas,retorica,,,tecnica,,
279,100 técnicas de redacción científica para 6° grado,redaccion,,6°,tecnica,,🔬 Redacción Científica 6°: Aprende a escribir como
280,sujeto_predicado,,,,,,"Oración: ""María estudia en la biblioteca todas las"
281,app_gramatical_api,,,,,,
282,Archivo de Vector  Fórmulas de Descripción,,,,,,
283,Scriptorium · El Apóstol de la Gramática,gramatica,,,,,
284,"100 técnicas para mantenerse seco, limpio y abrigado durante lluvias torrenciales o invierno",,,,tecnica,,
285,Flota Aphorismo 100 Técnicas,,,,tecnica,,
286,100 técnicas de perífrasis de ciencia ficción,,,,tecnica,,
287,Archivo de Vector  Mayúsculas y Minúscula,,,,,Cargando...,
288,datos,,,,json,,
289,100 técnicas de anécdotas y su uso en la ciencia ficción,,,,tecnica,,
290,Cuaderno Argumentativo  100 técnicas  Figuras,,,,tecnica,,"100 técnicas
Haz clic en ""Revelar"" o en la tarjeta"
291,100 técnicas de lengua castellana y ortografía para noveno grado de bachillerato colombiano,ortografia,,,tecnica,,9°Currículo colombiano: Lengua Castellana y Ortogr
292,100 técnicas del uso de conectores discursivos en novelas de ciencia ficción hispanoamericana,conectores,,,tecnica,,"ℹ️ Sobre este cuaderno
Ninguna técnica coincide co"
293,100 técnicas de redacción morfosintáctica de la Paráfrasis narrativa (Teón) aplicadas a la ciencia f,redaccion,,,tecnica,,
294,Imperio del Lenguaje – Centro de Control,,,,,"Haz clic para comenzar
Presiona el botón o la tarj",
295,Archivo de Vector Redacta _Preguntas,,,,,Cargando...,
296,Flota Teatrum  100 Técnicas,,,,tecnica,,
297,100 técnicas de redacción de la fonología generativa transformacional de la lengua castellana,fonologia,,,tecnica,,"📌 Todas las categorías
🎵 Fonología generativa (reg"
298,100 técnicas de cronografías de ciencia ficción,,,,tecnica,,
299,Archivo de Vector Cartas Familiares,,,,,Cargando...,
300,100 tarjetas tipo flashcard y un cuestionario para practicar el análisis de lexemas y morfemas pensa,,,,flashcard,,
301,100 técnicas de redacción de lengua castellana en matemáticas para séptimo grado de bachillerato col,redaccion,,,tecnica,,📐 Matemáticas 7°: Técnicas de redacción para álgeb
302,morfosintaxis_bilingue,morfosintaxis,,,,,
303,Archivo de Vector  Signos de Puntuación,puntuacion,,,,Cargando...,
304,Archivo de Vector  Nombres de género cambiante,,,,,Cargando...,
305,100 técnicas adjetivales,,,,tecnica,,"ℹ️ Sobre este cuaderno
Ninguna técnica coincide co"
306,📖 FABULA 100 técnicas de cuento corto,,,,tecnica,,"🟢 sello de cera
0 / 100 cuentos
○ pendientes
✦ el "
307,"100 técnicas de redacción en lengua castellana para 9° grado,",redaccion,,9°,tecnica,,📚 Redacción Castellana 9°: Profundiza en la argume
308,100 técnicas de redacción en lengua castellana para 4° grado,redaccion,,4°,tecnica,,📚 Redacción Castellana 4°: Aprende a escribir cuen
309,Redacción · 100 conectores hispanoamericano,redaccion,,,,"Este proyecto no persigue un fin normativo, sino d","ℹ️ Sobre este cuaderno
Ninguna técnica coincide co"
310,100 técnicas de raíces del castellano,,,,tecnica,,✅ Verificar
311,100 técnicas de redacción científica para 10° grado,redaccion,,10°,tecnica,,🔬 Redacción Científica 10°: Preparación para la ed
312,📜 VERBUM · 100 autores  100 verbos,verbos,,,,,"🟢 sello de cera
0 / 100 verbos
○ pendientes
✦ el v"
313,LÓGICA DE GAMIFICACIÓN (Funciones en Node.js).js,,,,,,
314,100 técnicas de redacción de párrafos y sus tipos,redaccion,,,tecnica,,
315,Cuaderno Expositivo  100 técnicas Azul Acero,,,,tecnica,,"📘 Expositivo
100 técnicas
📖 Cuaderno Expositivo · "
316,📜 ENSAYA  100 autores 100 técnicas,,,,tecnica,,"🟢 sello de cera
0 / 100 ensayos
○ pendientes
✦ el "
317,"100 técnicas sobre las Macrohabilidades lingüísticas (hablar, escuchar, leer, escribir)",,,,tecnica,,
318,Redacción científica · 100 técnicas · 6° grado,redaccion,,6°,tecnica,,
319,"100 técnicas de flexión, derivación y composición del castellano",,,,tecnica,,✅ Verificar
320,Redacción · 100 técnicas de lengua castellana en matemáticas · Grado 10°,redaccion,,,tecnica,,"📐 Matemáticas 10°: Cálculo diferencial, funciones "
321,Cuaderno Contrastivo  100 técnicas bilingües3,,,,tecnica,,"Mi cuaderno
Great Vibes
100 técnicas
Haz clic en l"
322,JSON completo con 100 técnicas retóricas.sh,retorica,,,tecnica,,
323,100 técnicas de semiótica aplicada a la lengua castellana,,,,tecnica,,
324,Flota Solar 100 Técnicas,,,,tecnica,,
325,SCRIPT DE MIGRACIÓN IMPERIO DEL LENGUAJE MySQL.py,,,,,,
326,100 técnicas de redacción morfosintáctica de la Alegoría narrativa (Hermógenes) aplicadas a la cienc,redaccion,,,tecnica,🧠 Cuestionario alegorías narrativas en ciencia fic,
327,Archivo de Vector · Tiempos Verbales,,,,,Cargando...,
328,100 técnicas de semiótica de la lengua castellana,,,,tecnica,,"ℹ️ Sobre este cuaderno
Ninguna técnica coincide co"
329,MARS MISSION 100 · Entrenamiento de Comunicación para Astronautas,,,,,,
330,MARS MISSION 100 · 100 Flashcards + 100 Ejercicios · Entrenamiento Astronauta,,,,flashcard,,"MARS MISSION 100
Lectura crítica
Escritura técnica"
331,📖 CUADERNO AUTOBIOGRÁFICO  100 técnicas para escribir tu vida,,,,tecnica,,"✦ cada página es un paso en tu viaje ✦
📝 quiz auto"
332,caligrafó_ diario-personal_medieval,,,,,,
333,Archivo de Vector  Muletillas y Claridad,,,,,Cargando...,
334,🎵 LIRA  100 técnicas poéticas,,,,tecnica,,"✦ el verso es el latido del alma ✦
📝 quiz poético"
335,100 técnicas de prosopografía de ciencia ficción,,,,tecnica,,
336,"100 técnicas centradas en los procesos lectores de Isabel Solé (antes, durante y después de la lectu",,,,flashcard,,
337,100 técnicas de ortografía avanzada nivel A1 (inicial),ortografia,A1,,tecnica,,"Ninguna técnica coincide con tu búsqueda.
Galera d"
338,Etimologías Grecolatinas _100 raíces con escritura original_ ejercicios interactivos,etimologia,,,ejercicio,,"100 raíces grecolatinas
Raíces griegas
Raíces lati"
339,cuaderno-parrafo-narrativo,,,,,,"📓 Mi cuaderno
0Racha actual
0Mejor racha
0/100Domi"
340,100 técnicas de lengua castellana y ortografía para secretarias y personal de oficina,ortografia,,,tecnica,,📋 Ámbito laboral: Técnicas de comunicación escrita
341,"100 tarjetas de Estándares Básicos de Competencias del MEN (Colombia) para lenguaje, con 100 tarjeta",,,,flashcard,,
342,"100 técnicas completas de Psicolingüística del Castellano en formato JSON, divididas en dos partes",,,,tecnica,,
343,Cuaderno Ciencia Ficción  100 técnicas,,,,tecnica,,
344,100 Historias de Escocia · Narrativa y tradición,,,,json,,
345,Archivo de Vector  Sintaxis Científica,sintaxis,,,,Cargando...,
346,100 técnicas basadas en los Estándares Básicos de Competencias del MEN (Ministerio de Educación Naci,,,,tecnica,,"📌 Todas las categorías
📘 Estándares MEN (grados 1°"
347,Flota Educativa 100 Técnicas,,,,tecnica,,
348,Ars Grammatica Cuaderno de Técnicas · Sintaxis del Castellano,sintaxis,,,tecnica,,
349,100 técnicas de redacción de la gramática generativa transformacional del castellano,gramatica,,,tecnica,,"📌 Todas las categorías
🌳 Estructura arbórea (const"
350,100 Técnicas de Redacción Universitaria · Lector de Voz CORREGIDO,redaccion,,,tecnica,,
351,Cuaderno Contrastivo 100 técnicas bilingües2,,,,tecnica,,"Mi cuaderno
Great Vibes
100 técnicas
Haz clic en l"
352,a 100 técnicas de ortografía avanzada nivel B2 (intermedio-alto),ortografia,B2,,tecnica,,"Ninguna técnica coincide con tu búsqueda.
Galera d"
353,100 técnicas de redacción de oraciones simples y compuestas en español,redaccion,,,tecnica,100 técnicas de oraciones simples y compuestas · b,
354,Archivo de Vector · Ordenamiento de Frases y Párrafos,,,,,Cargando...,
355,Archivo de Vector  Régimen Verbal,,,,,Cargando...,
356,Cuaderno de Redacción Cursiva Palmer con Ligadura,redaccion,,,,,
357,"100 técnicas de Redacción Periodística Hispanoamericana para universitarios, con teoría, ejemplo, ej",redaccion,,,ejercicio,,
358,Técnicas_narrativas 11 a 100 - JSON completo,,,,tecnica,,
359,100 técnicas de hipérboles persuasivas puras de ciencia ficción,,,,tecnica,,
360,100 técnicas de comunicación escrita para las pruebas Saber Pro Colombia (universitarios y posgrado),,,,tecnica,,"📌 Todas las categorías
📝 Comunicación escrita univ"
361,Técnicas 76-100_Argumentativo Científico,,,,tecnica,,
362,Flota Estelar Aprendizaje Interactivo,,,,,"🏆0Completadas
📊0%Progreso
Cómo funciona
Cada amazo","🏆 Reto – Desafío para aplicar lo aprendido.
Comple"
363,100_tecnicas_escritores_castellano.docx,,,,,,
364,cuaderno-de-redaccion,,,,,,"📓 Mi cuaderno
0Racha actual
0Mejor racha
0/100Domi"
365,100 técnicas de ortografía avanzada,ortografia,,,tecnica,,"ℹ️ Sobre este cuaderno
Ninguna técnica coincide co"
366,Técnicas 61 a 100 - Narrativa Española,,,,tecnica,,
367,100 técnicas de personificaciones de ciencia ficción,,,,tecnica,,
368,Flota Cinemática 100 Técnicas,,,,tecnica,,
369,Cuaderno Argumentativo Arquitectura Bilingüe,,,,,,"🏛️ Arquitectura
100 técnicas
📖 ¿Cómo escribir y gu"
370,Archivo de Vector · Fórmulas de Argumentació,,,,,,
371,100 técnicas de personificaciones y símiles de ciencia ficción,,,,tecnica,,
372,Archivo de Vector · Fórmulas de Comparación,,,,,,
373,Cuaderno Contrastivo 100 técnicas bilingües,,,,tecnica,,"100 técnicas
Haz clic en la tarjeta o en ""Voltear"""
374,Archivo de Vector Redacción de Correos,redaccion,,,,Cargando...,
375,COMPONENTE DE GAMIFICACIÓN PARA EL FRONTEND,,,,,,
376,100 técnicas de redacción de lengua castellana en ciencias naturales para octavo grado,redaccion,,,tecnica,,"🧬 Ciencias Naturales 8°: Genética, evolución, quím"
377,Archivo de Vector Galicismos,,,,,Cargando...,
378,100 Técnicas Narrativas de la Novela Hispanoamericana,,,,tecnica,,
379,CamGramPlay  100 técnicas de Cambridge Grammar of English,,,,tecnica,"Reiniciar progreso
Cambridge Grammar of English (2",
380,cuaderno_retorica20260604_d71344,,,,,,
381,Archivo de Vector  Reglas de Silabeo,,,,,Cargando...,
382,100 técnicas de disfemismo positivo combinado con todas las figuras retóricas,retorica,,,tecnica,,
383,100 historias divertidas de la Bahía de Dublín,,,,,,
384,100 técnicas del uso de conectores discursivos,conectores,,,tecnica,"Este proyecto no persigue un fin normativo, sino d","ℹ️ Sobre este cuaderno
Ninguna técnica coincide co"
385,100 técnicas de iconografías de ciencia ficción,,,,tecnica,,
386,cuaderno HTML completo de Redacción Científica Hispanoamericana con las 100 técnicas,redaccion,,,tecnica,,
387,Técnicas_ 26-50_Descriptivo Científico,,,,tecnica,,
388,100 técnicas de redacción de lengua castellana en matemáticas para sexto grado de bachillerato colom,redaccion,,,tecnica,,📐 Matemáticas 6°: Técnicas de redacción para expli
389,JSON de etimología que tienes actualmente tiene 88 raíces.sh,etimologia,,,json,,
390,100 técnicas de sociolingüística hispanoamericana,,,,tecnica,100 técnicas de sociolingüística hispanoamericana ,
391,100 técnicas de psicolingüística,,,,tecnica,,
392,📓 DIARIO·CODEX · 100 técnicas para escribir tu vid,,,,tecnica,,
393,100 técnicas de redacción morfosintáctica de la Antítesis argumentativa (Aftonio) aplicadas a la cie,redaccion,,,tecnica,,
394,100 técnicas de redacción de la gramática estructuralista de la lengua castellana,gramatica,,,tecnica,,"📌 Todas las categorías
🏗️ Gramática estructural (n"
395,100 Técnicas de Redacción Científica · English for Science · Boom Latinoamericano,redaccion,,,tecnica,,"🎴 Flashcards científicas
📚 Todas las técnicas (100"
396,Archivo de Vector  Leísmo Laísmo Loísmo,,,,,Cargando...,
397,Cuaderno de Caligrafía y Sintaxis Bilingüe,sintaxis,,,,,"100 técnicas
Haz clic en la tarjeta o en ""Voltear"""
398,Flota Autobiográficas 100 Técnicas,,,,tecnica,,
399,Archivo de Vector  Voces de Animale,,,,,Cargando...,
400,📜 PHILOSOPHIA 100 autores 100 técnicas filosóficas,,,,tecnica,,"🟢 sello de cera
0 / 100 técnicas
○ pendientes
✦ la"
401,100 técnicas del idioma inglés explicadas en lengua castellana para séptimo grado de bachillerato co,,,,tecnica,,🇬🇧 English explained in Spanish: 100 técnicas de i
402,cuaderno HTML completamente integrado con el JSON de las 100 técnicas de puntuación,puntuacion,,,tecnica,,
403,100 técnicas de recursos semánticos de la lengua castellana02,,,,tecnica,,"ℹ️ Sobre este cuaderno
Ninguna técnica coincide co"
404,100 técnicas de ortografía avanzada nivel A2 (básico-intermedio),ortografia,A2,,tecnica,,"Ninguna técnica coincide con tu búsqueda.
Galera d"
405,100 Haikus in HTML.docx,,,,,,
406,Flota Mecánica  100 Técnicas,,,,tecnica,,
407,cien_tecnicas_python instalador.py,,,,,,
408,Revista Técnica _100_ formas de escribir_latin,,,,tecnica,,
409,Cuaderno Descriptivo 100 técnicas,,,,tecnica,,100 técnicas
410,100 técnicas de redacción de los tipos de oraciones de la lengua castellana,redaccion,,,tecnica,🧠 100 técnicas desde la clasificación oracional ha,"📌 Todas las categorías
🗣️ Oraciones según la actit"
411,100 técnicas de litotes de ciencia ficción,,,,tecnica,,
412,Archivo de Vector  Fórmulas de Narración,,,,,,
413,GramPlay  100 técnicas de la Nueva gramática de la lengua española,gramatica,,,tecnica,Reiniciar progreso,
414,cuaderno HTML completo de Redacción Periodística Hispanoamericana con las 100 técnicas,redaccion,,,tecnica,,
415,Taller-100 técnicas narrativas - Periodismo colombiano,,,,tecnica,,"Listado de técnicas
Modo práctica
Domina las 100 t"
416,cuaderno-parrafo-argumentativo,,,,,,"📓 Mi cuaderno
0Racha actual
0Mejor racha
0/100Domi"
417,100 técnicas de alegorías de ciencia ficción,,,,tecnica,,
418,Archivo de Vector  Coma en Subordinadas Explicativas,,,,,,
419,SintaxisPlay 100 técnicas de sintaxis estructuralista castellano,sintaxis,,,tecnica,,
420,100 técnicas de etopeyas de ciencia ficción,,,,tecnica,,
421,100 técnicas de epítetos de ciencia ficció,,,,tecnica,,
422,Flota Epistolar 100 Técnicas,,,,tecnica,,
423,Redacción Sintáctica Bilingüe en Textos Científicos,redaccion,,,,,"Great Vibes
100 técnicas
Haz clic en la tarjeta o "
424,cuaderno HTML completo de Redacción Científica Hispanoamericana,redaccion,,,,,
425,Cuaderno Descriptivo  100 técnicas  Figuras5,,,,tecnica,,"100 técnicas
Haz clic en la tarjeta o en ""Revelar"""
426,100 Técnicas de Sintaxis Inglesa,sintaxis,,,tecnica,,✅ Verificar
427,Flota Eléctrica 100 Técnicas,,,,tecnica,"🏆0Completadas
📊0%Progreso
Instalaciones eléctricas",
428,"Archivo de Vector Coma Vocativa, Elíptica, Decimal e Inversión",,,,,,
429,Archivo de Vector  Helenismos,,,,,Cargando...,
430,Archivo de Vector  Punto y Coma,,,,,,
431,100 técnicas de oxímoron de la ciencia ficción combinados con todas las figuras retóricas,retorica,,,tecnica,,
432,B) DASHBOARD DE USUARIO CON ESTADÍSTICAS AVANZADAS (Gráficos),,,,,,🎯 Niveles de dificultad
433,100 técnicas de redacción de lengua castellana en ciencias naturales para undécimo grado,redaccion,,,tecnica,,🎓 Preuniversitario: Preparación intensiva en redac
434,0 técnicas basadas en los Estándares Básicos de Competencias del MEN (Ministerio de Educación Nacion,,,,tecnica,,"📌 Todas las categorías
📘 Estándares MEN (grados 1°"
435,cuaderno HTML completo de Historia de la Lengua Castellana (100 técnicas),,,,tecnica,,
436,Flota Prepositiva 100 Técnicas,,,,tecnica,,
437,ESTRUCTURA DE BASE DE DATOS (Actualizada)_BASE DE DATOS IMPERIO_DEL_LENGUAJE_MYSQL.sql,,,,,,
438,100 técnicas de cromatismos de ciencia ficción,,,,tecnica,,
439,Archivo de Vector  Figuras Retóricas,retorica,,,,,
440,cuaderno HTML completo de Textolingüística del Castellano con las 100 técnicas,,,,tecnica,,
441,Archivo de Vector otros Signos de Puntuación,puntuacion,,,,,
442,100 técnicas del idioma inglés explicadas en lengua castellana para undécimo grado de bachillerato c,,,,tecnica,,🇬🇧 English explained in Spanish: 100 técnicas de i
443,"100 técnicas de disfemismo (narrativas, descriptivas, argumentativas y expositivas)",,,,tecnica,,
444,"cuaderno HTML completo de Antropolingüística del Castellano (100 técnicas),",,,,tecnica,,
445,Flota Sintáctica Generativa 100 Técnicas,,,,tecnica,"Lugar y referencia Vinculación
Seguimiento
0 / 100",
446,100 técnicas de literatura hispanoamericana,literatura,,,tecnica,"Realismo mágico
100 técnicas de literatura hispano",
447,Archivo de Vector  Plurales sui géneris,,,,,Cargando...,
448,100 Historias del Temple Bar_ Pubs de Dublín _Voz y leyendas irlandesas,,,,,,
449,"Archivo de Vector  Conectores, Anáforas y Catáforas",conectores,,,,,
450,"100 técnicas de redacción, sintaxis estructuralista de la lengua castellana",sintaxis,,,tecnica,"🧠 Enfoque estructuralista: análisis sintáctico, mo","📌 Todas las categorías
🏗️ Sintaxis estructural (co"
451,Flota Pantomima 100 Técnica,,,,tecnica,,
452,Retórica Viva_100 técnicas _Flashcards inteligentes con lector de voz y ejercicios,retorica,,,flashcard,"Raíces clásicas
Figuras sonido/sintaxis
Tropos y p",100 técnicas retóricas
453,100 técnicas de paradojas de la ciencia ficción,,,,tecnica,,
454,100 técnicas de redacción de lengua castellana en ciencias naturales para noveno grado,redaccion,,,tecnica,,"🔬 Ciencias Naturales 9°: Biología molecular, neuro"
455,3. COMPONENTE FRONTEND PARA EJERCICIOS,,,,ejercicio,,"${opciones.map(o => `
${o.opcion}
`).join('')}"
456,Archivo de Vector  Verbos Intransitivos,verbos,,,,Cargando...,
457,Archivo de Vector · Semántica Cognitiva y Percepción,semantica,,,,,
458,100 técnicas de comunicación escrita de las pruebas Saber Pro Colombia y 100 técnicas de lectura crí,,,,tecnica,,"📌 Todas las categorías
📝 Comunicación escrita (coh"
459,Cuaderno de Redacción_Firmas Palmer_caligrafias,redaccion,,,,,
460,100 técnicas de sintaxis estructural y transformacional del español,sintaxis,,,tecnica,"100 técnicas de sintaxis · basado en Chomsky, la g",
461,100 técnicas de topografías de ciencia ficción,,,,tecnica,,
462,📜 EPISTOLARIA UNIVERSAL  100 autores  100 técnicas,,,,tecnica,,"🟢 sello de cera
0 / 100 cartas
○ pendientes
✦ cada"
463,Flota Automotriz 100 Técnicas,,,,tecnica,,
464,A) SISTEMA DE RETROALIMENTACIÓN PARA EJERCICIOS (Validación Automática)_IMPERIO_DEL_LENGUAJE.sql,,,,ejercicio,,
465,100 técnicas de redacción de lengua castellana en ciencias naturales para sexto grado,redaccion,,,tecnica,"CréditosDiseño, contenidos y desarrollo · 2026
Cua",🔬 Ciencias Naturales: Técnicas de redacción para o
466,fichero-100-tecnicas-morfosintaxis,morfosintaxis,,,,"Autoevaluación
Pon a prueba el fichero completo
Di",
467,100 técnicas de redacción y semántica estructuralista de la lengua castellana,semantica,,,tecnica,,"📌 Todas las categorías
🧩 Semántica estructural (ca"
468,"100 técnicas de lectura crítica para universitarios (tipos, niveles, estrategias), orientadas a la p",,,,tecnica,,"📌 Todas las categorías
📖 Lectura crítica (niveles,"
469,100 técnicas de fonética del español hispanoamericano,fonetica,,,tecnica,,
470,Cuaderno Gramática Española 100 técnicas  Bilingüe,gramatica,,,tecnica,,
471,100 técnicas sustantivales,,,,tecnica,,"ℹ️ Sobre este cuaderno
Ninguna técnica coincide co"
472,100 técnicas de lexicografía del español (con foco hispanoamericano),,,,tecnica,,
473,100 técnicas del idioma inglés explicadas en lengua castellana para décimo grado de bachillerato col,,,,tecnica,,🇬🇧 English explained in Spanish: 100 técnicas de i
474,MorphoPlay  Escritura cursiva con lápiz,,,,,,
475,Saber-Pro 100 · Técnicas de Redacción Científica · Boom Latinoamericano,redaccion,,,tecnica,,"🎴 100 flashcards
📚 Todas las técnicas (100)
🔍 Lect"
476,100 técnicas de redacción de lengua castellana en ciencias naturales para séptimo grado,redaccion,,,tecnica,,"🔬 Ciencias Naturales 7°: Sistemas del cuerpo, quím"
477,100 técnicas Macrohabilidades  Comprensión  Literatura hispanoamericana,literatura,,,tecnica,,
478,100 técnicas de metáforas cognitivas (Lakoff & Johnson),,,,tecnica,,
479,"100 técnicas de retórica poética universal (narrativas, descriptivas, argumentativas y expositivas)",retorica,,,tecnica,,
480,Archivo de Vector Participios Irregulares,,,,,Cargando...,
481,ESTILOS PARA NOTIFICACIONES DE LOGROS.css,,,,,,
482,"100 técnicas de Textolingüística del Castellano para universitarios, con teoría, ejemplo, ejercicio ",,,,ejercicio,,
483,100 técnicas argumentativas de lengua castellana y ortografía para secretarias y personal de oficina,ortografia,,,tecnica,,"⚖️ Técnicas argumentativas: Tesis, argumentos, con"
484,Archivo de Vector  Perífrasis Verbales,,,,,,
485,Flota Educativa II crea_Vídeos_educativos_tiktok_ 100 Técnicas,,,,tecnica,,
486,BASE DE DATOS IMPERIO_DEL_LENGUAJE_mysql.sql,,,,,,
487,Flota Autobiográfica 100 Técnicas,,,,tecnica,,
488,Redacción 100 conectores en ciencia ficción inglesa (bilingüe),redaccion,,,,,"ℹ️ Sobre este cuaderno
Ninguna técnica coincide co"
489,Cuaderno  Gramática Inglesa  100 técnicas  Bilingüe,gramatica,,,tecnica,,
490,Archivo de Vector  El Dequeísmo,,,,,Cargando...,
491,100 técnicas de redacción morfosintáctica de la Exclamación retórica Hermógenes aplicadas a la cienc,retorica,,,tecnica,,
492,100_tecnicas_redaccion_bilingue.md,,,,,,
493,100 Técnicas de Redacción Universitaria · Análisis Sintáctico + Voz + Edición en Vivo,redaccion,,,tecnica,,
494,Flota Sintáctica 100 Técnicas,,,,tecnica,,
495,100 técnicas para ciclistas y peatones en Londres bajo lluvia torrencial o invierno,,,,tecnica,,
496,Flota Estelar · 100 Técnicas de Redacción,redaccion,,,tecnica,,
497,lms_django_castellano_cLAUDE.md,,,,,,
498,100 técnicas expositivas-informativas de lengua castellana y ortografía para secretarias y personal ,ortografia,,,tecnica,,"📋 Técnicas expositivas: Definiciones, clasificacio"
499,Flota Verbum 100 Técnicas,,,,tecnica,,
500,100 técnicas de redacción en lengua castellana aplicadas a las matemáticas para décimo grado,redaccion,,,tecnica,,"📐 Matemáticas 10°: Cálculo diferencial, funciones "
501,100 técnicas de paralelismos argumentativos de ciencia ficción,,,,tecnica,,
502,cuaderno-parrafo-expositivo,,,,,,"📓 Mi cuaderno
0Racha actual
0Mejor racha
0/100Domi"
503,Archivo de Vector  Indigenismos,,,,,Cargando...,
504,100 técnicas de eufemismo metafórico positivo y bello,,,,tecnica,,
505,Flota Épica 100 Técnica,,,,tecnica,,
506,100 técnicas completas de los Estándares Básicos de Competencias del MEN para Lenguaje,,,,tecnica,,"📌 Todas las categorías
📘 Estándares MEN (grados 1°"
507,Flota Stoicum 100 Técnicas,,,,tecnica,,
508,100 técnicas de lengua castellana y ortografía para décimo grado de bachillerato colombiano,ortografia,,,tecnica,,10°Currículo colombiano: Lengua Castellana y Ortog
509,100 técnicas de sinestesias de ciencia ficción,,,,tecnica,,
510,100 técnicas de redacción de la fonética generativa transformacional de la lengua castellana,fonetica,,,tecnica,,"📌 Todas las categorías
🎤 Fonética generativa (rasg"
511,"100 técnicas de redacción preparatorias para la prueba Saber Pro Colombia (módulos de lenguaje, lect",redaccion,,,tecnica,,"📌 Todas las categorías
📖 Lenguaje y comunicación e"
512,Flota Redactora 100 Técnicas,,,,tecnica,,
513,100 técnicas de redacción en lengua castellana para 9° grado,redaccion,,9°,tecnica,,📚 Redacción Castellana 9°: Profundiza en la argume
514,100 técnicas de redacción científica para 7° grado,redaccion,,7°,tecnica,,🔬 Redacción Científica 7°: Desarrolla habilidades 
515,Cuaderno Descriptivo  100 técnicas  Figuras,,,,tecnica,,"100 técnicas
Haz clic en la tarjeta o en ""Revelar"""
516,100 técnicas de gramática RAE castellana para extranjeros,gramatica,,,tecnica,,"100 técnicas
Haz clic en la tarjeta o en ""Voltear"""
517,cuaderno-cinco-elementos,,,,,"Cuaderno de práctica.
Seguimiento de aprendizaje
M","10Bloques temáticos
Cómo funciona cada técnica"
518,100 técnicas de redacción en lengua castellana para 1° grado,redaccion,,1°,tecnica,,📚 Redacción Castellana 1°: Da tus primeros pasos e
519,100 técnicas de redacción de lengua castellana en matemáticas para octavo grado de bachillerato colo,redaccion,,,tecnica,,"📐 Matemáticas 8°: Álgebra avanzada, factorización,"
520,100 técnicas del idioma inglés explicadas en lengua castellana para octavo grado de bachillerato col,,,,tecnica,,🇬🇧 English explained in Spanish: 100 técnicas de i
521,Cuaderno · Literatura Inglesa 100 técnicas  Bilingüe,literatura,,,tecnica,,
522,100 técnicas de lengua castellana y ortografía para sexto grado de bachillerato colombiano,ortografia,,,tecnica,,Currículo colombiano: Lengua Castellana y Ortograf
523,100 técnicas narrativas de la narrativa hispanoamericana,,,,tecnica,,
524,Archivo de Vector  Separación Fonética y Fonológica,fonetica,,,,Cargando...,
525,100 técnicas de ortografía avanzada nivel C1 (experto),ortografia,C1,,tecnica,,"Ninguna técnica coincide con tu búsqueda.
Galera d"
526,00 técnicas de morfología de la lengua inglesa explicadas en castellano,morfologia,,,tecnica,"📌 Todas las categorías
🎭 Morfología flexiva (géner",
527,100 técnicas de morfosintaxis grecolatina del castellano,morfosintaxis,,,tecnica,,✅ Verificar
528,100_tecnicas_narrativas.md,,,,,,
529,"100 técnicas para motociclistas viajeros en Colombia (con consejos específicos para Yamaha V80, Suzu",,,,tecnica,,"📌 Todas las categorías
🏍️ Consejos para viajeros ("
530,100 técnicas de redacción en lengua castellana para 7° grado,redaccion,,7°,tecnica,,📚 Redacción Castellana 7°: Profundiza en la escrit
531,Flota Adverbial 100 Técnicas,,,,tecnica,,
532,100 Técnicas Narrativas · Reino Unido y Londres,,,,tecnica,,
533,100 técnicas de redacción morfosintáctica de la Contraargumentación (Aftonio) aplicadas a la ciencia,redaccion,,,tecnica,,
534,100 técnicas de ortografía avanzada nivel C3 (experto avanzado),ortografia,C3,,tecnica,,"Ninguna técnica coincide con tu búsqueda.
Galera d"
535,Cuaderno Descriptivo  100 técnicas  Ejercicios6,,,,ejercicio,,"Cuaderno Descriptivo
100 técnicas
Haz clic en la t"
536,D) PANEL DE ADMINISTRACIÓN DE GAMIFICACIÓN,,,,,,
537,morfologia_juegos,,,,,,
538,Cuaderno de Redacción_Firmas_Script,redaccion,,,,,
539,escuadron-nova-redaccion-app,,,,,,
540,Cuaderno de Gramática RAE · Oxford · Arquitectura,gramatica,,,,,"RAE · Oxford
100 técnicas
Haz clic en la tarjeta o"
541,Archivo de Vector Latinismos,,,,,Cargando...,
542,100 técnicas de sintaxis de la lengua castellana,sintaxis,,,tecnica,,📖 Sintaxis del Castellano · 100 técnicas gramatica
543,Cuaderno Descriptivo 100 técnicas  Figuras4,,,,tecnica,,"100 técnicas
Haz clic en la tarjeta o en ""Revelar"""
544,100 técnicas de psicolingüística (2),,,,tecnica,,
545,100 técnicas de redacción científica para 9° grado,redaccion,,9°,tecnica,,🔬 Redacción Científica 9°: Profundiza en investiga
546,cuaderno-del-parrafo,,,,,,"📓 Mi cuaderno
0Racha actual
0Mejor racha
0/100Domi"
547,52 técnicas restantes (técnicas 49-100) del JSON de Antropolingüística del Castellano,,,,tecnica,,
548,Archivo de Vector Régimen Verbal,,,,,Cargando...,
549,Archivo de Vector  La preposicion a en el complemento directo personal,,,,,Cargando...,
550,100 técnicas de eufemismo metafórico,,,,tecnica,,
551,"web completa con 100 técnicas de redacción (narrativo, descriptivo, expositivo, argumentativo) en in",redaccion,,,tecnica,,"🎴 Flashcards
📚 Todas las técnicas (100)
📖 Narrativ"
552,"100 técnicas de comunicación escrita para las pruebas Saber Pro Colombia, orientadas a universitario",,,,tecnica,,📌 Todas las categorías📝 Comunicación escrita📚 Norm
553,Flota Fonética  100 Técnicas,fonetica,,,tecnica,"🏆0Completadas
📊0%Progreso
Fonología y Fonética
Cad",
554,Django Docente_100 técnicas_plataforma_multilingüe_castellano,,,,tecnica,,
555,Archivo de Vector  Fonología Actual,fonologia,,,,Cargando...,
556,100 técnicas de imágenes sensoriales de ciencia ficción,,,,tecnica,,
557,Flota Lírica 100 Técnicas,,,,tecnica,,
558,100 técnicas de la retórica de la sintaxi de la pregunta de la lengua castellana  en la ciencia ficc,retorica,,,tecnica,🧠 Cuestionario técnicas de pregunta en ciencia fic,
559,100 técnicas de oraciones simples,,,,tecnica,,"ℹ️ Sobre este cuaderno
Ninguna técnica coincide co"
560,100 técnicas de textolingüística del español,,,,tecnica,100 técnicas de textolingüística · basado en autor,
561,100 técnicas de la retórica de la pregunta en la ciencia ficción2,retorica,,,tecnica,,
562,100 técnicas de metáforas puras de ciencia ficción,,,,tecnica,,
563,Cuaderno  Literatura Inglesa  100 técnicas,literatura,,,tecnica,,
564,⚔️ EPOS · 100 técnicas de poesía épica,,,,tecnica,,"🟢 sello de cera
0 / 100 técnicas
○ pendientes
✦ la"
565,JSON completo - 100 técnicas de redacción en inglés,redaccion,,,tecnica,,
566,🎨 GRAPHICA  100 técnicas de novela gráfica,,,,tecnica,,"0 / 100 técnicas
○ pendientes
✦ la novela gráfica "
567,apostol-gramatica-app,,,,,,
568,100 técnicas de redacción preparatorias para el concurso docente en lengua castellana en Colombia,redaccion,,,tecnica,,"📌 Todas las categorías
📖 Concurso docente: pedagog"
569,📜 STOICUM  100 autores  100 técnicas estoicas,,,,tecnica,,"🟢 sello de cera
0 / 100 técnicas
○ pendientes
✦ la"
570,Django_Aula_Castellana_100técnicas_multilingüe_Enseña_español_a_30_lenguas,,,,tecnica,,
571,scriptorium,,,,,,"Las cuatro escrituras de mano
Feliciter scriptum —"
572,Apóstol Stellar · Centro de Control,,,,,,
573,100 técnicas verbales,,,,tecnica,,"ℹ️ Sobre este cuaderno
Ninguna técnica coincide co"
574,cuaderno-sintaxis-bilingue-figuras clau,sintaxis,,,,,"🃏 Flashcards
📓 Mi cuaderno
Letra cursiva:
Caveat ("
575,Flota Ensayística 100 Técnica,,,,tecnica,,
576,100 técnicas de fonología del español (centrado en el español de Hispanoamérica),fonologia,,,tecnica,,
577,100 técnicas del idioma inglés explicadas en lengua castellana para sexto grado de bachillerato colo,,,,tecnica,,🇬🇧 English explained in Spanish: 100 técnicas de i
578,100 técnicas de redacción morfosintáctica para la investigación científica en la ciencia ficción,redaccion,,,tecnica,🧠 Cuestionario redacción científica en ciencia fic,
579,CONSULTAS ÚTILES PARA EL SISTEMA DE GAMIFICACIÓN.sql,,,,,,
580,100 técnicas de redacción y semántica transformacional de la lengua castellana,semantica,,,tecnica,,"📌 Todas las categorías
🎭 Semántica transformaciona"
581,London Narrative · 100 técnicas bilingües · Traducción y escritura creativa,,,,tecnica,,"🇪🇸 100 técnicas en español
🇬🇧 Traducción al inglés"
582,Archivo de Vector  Transcripción Fonológica AFI,,,,,,
583,Archivo de Vector  Semántica Cognitiva y Percepción,semantica,,,,,
584,Flota Adjectivum 100 Técnicas,,,,tecnica,"Contextual – Adjetivos que sitúan en el tiempo, el",
585,Cuaderno Literatura Española  100 técnicas  Bilingüe,literatura,,,tecnica,,
586,Técnicas 51-75_Expositivo Científico,,,,tecnica,,
587,Cuaderno de Redacción Narrativa 100 técnicas,redaccion,,,tecnica,,"100 técnicas
Haz clic en la tarjeta o en ""Voltear"""
588,100 técnicas de redacción de la fonética general e histórica de Hispanoamérica,fonetica,,,tecnica,,"📌 Todas las categorías
🌎 Fonética hispanoamericana"
589,100 Técnicas de Morfosintaxis del Castellano,morfosintaxis,,,tecnica,,✅ Verificar
590,JSON completo de 100 raíces grecolatinas (desde bio hasta ver.sh,,,,json,,
591,crear un generador python para ejercicios de estos programas html.py,,,,ejercicio,,
592,MARS MISSION 100 · Flashcards y Técnicas Activadas · Entrenamiento Astronauta,,,,flashcard,,"Lectura crítica
Escritura técnica
Análisis sintáct"
593,100 técnicas de etnolingüística y etnografía de la comunicación,,,,tecnica,100 técnicas de etnolingüística · basado en autore,
594,100 técnicas de sinécdoques de ciencia ficción,,,,tecnica,,
595,C) SISTEMA DE DESAFÍOS DIARIOS SEMANALES.sql,,,,,,
596,cuaderno HTML completamente integrado con el JSON de las 100 técnicas de gramática del castellano,gramatica,,,tecnica,,
597,100 técnicas de redacción científica para 8° grado,redaccion,,8°,tecnica,,🔬 Redacción Científica 8°: Profundiza en el método
598,100 técnicas de Antropolingüística del Castellano para universitarios,,,,tecnica,,
599,Cuaderno  Signos de Puntuación  100 técnicas  Bilingüe,puntuacion,,,tecnica,,
600,100 técnicas de Redacción Científica Hispanoamericana,redaccion,,,tecnica,,
601,Cuaderno Ortográfico  100 técnicas bilingües,,,,tecnica,,"Mi cuaderno
Great Vibes
100 técnicas
Haz clic en l"
602,Cuaderno de Redacción Académica 100 técnicas,redaccion,,,tecnica,,"100 técnicas
Haz clic en la tarjeta o en ""Voltear"""
603,Cuaderno Descriptivo 100 técnicas  Figuras3,,,,tecnica,,"100 técnicas
Haz clic en la tarjeta o en ""Revelar"""
604,100 técnicas de redacción morfosintáctica de la Écfrasis narrativa Aftonio aplicadas a la ciencia fi,redaccion,,,tecnica,,
605,100 técnicas de redacción en lengua castellana para 11° grado,redaccion,,11°,tecnica,,📚 Redacción Castellana 11°: Preparación para la ed
606,scriptorium-hibrido_redaccion,,,,,,"Técnicas narrativas
Folios completados
Estudiar lo"
607,Archivo de Vector  Verbos Irregulares,verbos,,,,Cargando...,
608,taller-caligrafia,,,,,,"✒ Taller de Caligrafía
Traza con el dedo o el lápi"
609,100 técnicas de redacción científica para 11° grado,redaccion,,11°,tecnica,,🔬 Redacción Científica 11°: Preparación para la ed
610,"100 técnicas para motociclistas viajeros en Colombia, centrado en la ruta de Bucaramanga a la costa ",,,,tecnica,,"🏕️ Ruta BGA-Costa + acampar
🔧 Mecánica: V80, SZR15"
611,"100 técnicas sobre el Enfoque comunicativo textual, con tarjetas flashcard que permiten escribir y v",,,,flashcard,,
612,Archivo de Vector  La Concordancia,,,,,Cargando...,
613,100 técnicas del párrafo de planteamiento de un problema de investigación científica en la ciencia f,,,,tecnica,🧠 Cuestionario planteamiento de problemas en cienc,
614,100 técnicas de redacción morfosintáctica del Apólogo Teón aplicadas a la ciencia ficción,redaccion,,,tecnica,,
615,consola-sintaxis-nave-espacial,sintaxis,,,,,"0completados
REGISTRO 01 / 27
⟲ ALEATORIO
SECTOR 1"
616,100 técnicas de redacción morfosintáctica del Apólogo (Teón) aplicadas a la ciencia ficción,redaccion,,,tecnica,,
617,Archivo de Vector  Anglicismos,,,,,Cargando...,
618,Técnicas _1-25_Narrativo Científico,,,,tecnica,,
619,Cuaderno Signos de Puntuación 100 técnicas  Bilingüe,puntuacion,,,tecnica,,
620,100 técnicas de signos de puntuación en redacción avanzada,redaccion,,,tecnica,,
621,100 técnicas de redacción morfosintáctica de la Fábula (Teón) aplicadas a la ciencia ficción,redaccion,,,tecnica,,
622,Archivo de Vector  Redacción de Correos,redaccion,,,,Cargando...,
623,100 técnicas de recursos semánticos de la lengua castellana,,,,tecnica,,"ℹ️ Sobre este cuaderno
Ninguna técnica coincide co"
624,100 técnicas de oraciones compuestas,,,,tecnica,,"ℹ️ Sobre este cuaderno
Ninguna técnica coincide co"
625,100 técnicas de lengua castellana y ortografía para grado 12° (preuniversitario primer semestre univ,ortografia,,,tecnica,,12°Preuniversitario: Lengua Castellana y Ortografí
626,100 técnicas de pragmática discursiva y análisis del discurso,,,,tecnica,100 técnicas de pragmática discursiva · basado en ,
627,100 técnicas de redacción morfosintácticas transformacionales de la lengua castellana,redaccion,,,tecnica,,"📌 Todas las categorías
🔄 Transformaciones sintácti"
628,100 técnicas de oxímoron de ciencia ficción,,,,tecnica,,
629,100 técnicas de eufemismo combinadas con todas las figuras retóricas,retorica,,,tecnica,,
630,Archivo de Vector  Coma Adversativa y Coordinada,,,,,,
631,Técnicas 7-25 (continuación narrativo),,,,tecnica,,
632,100 técnicas de ortografía avanzada nivel A3 (intermedio alto),ortografia,A3,,tecnica,,"Ninguna técnica coincide con tu búsqueda.
Galera d"
633,"100 técnicas narrativas, descriptivas, argumentativas y expositivas inspiradas en los ensueños hermo",literatura,,,tecnica,,
634,100 técnicas de redacción morfosintáctica de la Chria (Teón) aplicadas a la ciencia ficción,redaccion,,,tecnica,,
635,"100 técnicas de ejercicios de retórica basados en los preceptos de Teón, Hermógenes y Aftonio",retorica,,,ejercicio,,
636,100 técnicas de lingüística general y aplicada al español (variedades hispanoamericanas),,,,tecnica,,
637,Flota Philosophia  100 Técnica,,,,tecnica,,
638,100 técnicas de morfología de la lengua castellana,morfologia,,,tecnica,"📖 100 técnicas de morfología del español
Flexión ·",
639,Revista Voz Viva_100 técnicas literarias _Voz Latina_España,,,,tecnica,,
640,100 técnicas del párrafo y sus tipos,,,,tecnica,,"ℹ️ Sobre este cuaderno
Ninguna técnica coincide co"
641,Archivo de Vector · Parónimos y Sinónimos,,,,,Cargando...,
642,100 técnicas de disfemismo retórico positivo y bello,,,,tecnica,,
643,100 técnicas descriptivas de lengua castellana y ortografía para secretarias y personal de oficina,ortografia,,,tecnica,,"📋 Técnicas descriptivas: Retratos, topografías, in"
644,London Narrative · 100 técnicas del párrafo narrativo · Historias de Londres y Reino Unido,,,,tecnica,,
645,MorphoPlay  30 juegos morfológicos,,,,,,
646,NarrativaPlay 100 técnicas de ciencia ficción,,,,tecnica,"✍️ Escritura
Cargando juego...
Instrucción del jue",
647,Archivo de Vector Perífrasis Verbales nuevas,,,,,,
648,100 Técnicas de Redacción Universitaria · Guía avanzada con voz académica,redaccion,,,tecnica,,
649,Cuaderno de Redacción 100 técnicas,redaccion,,,tecnica,,
650,Cuaderno de Redacción Cursiva Arizoni,redaccion,,,,,
651,Archivo de Vector  Galicismos,,,,,Cargando...,
652,100 técnicas de redacción en lengua castellana para 3° grado,redaccion,,3°,tecnica,,📚 Redacción Castellana 3°: Aprende a escribir cuen
653,100 técnicas de ortografía avanzada nivel C2 (maestría),ortografia,C2,,tecnica,,"Ninguna técnica coincide con tu búsqueda.
Galera d"
654,Archivo de Vector Transcripción Fonética y Fonológica,fonetica,,,,,
655,MARS MISSION 100 · 100 Técnicas · 100 Flashcards · Entrenamiento para Astronauta,,,,flashcard,,
656,Redacción 100 conectores en ciencia ficción norteamericana (bilingüe),redaccion,,,,,"ℹ️ Sobre este cuaderno
Ninguna técnica coincide co"
657,Historia de la Lengua Castellana con las 100 técnicas,,,,tecnica,,
658,100 técnicas de símiles de ciencia ficción,,,,tecnica,,
659,fichero-de-redaccion,,,,,,"0Racha actual
0Mejor racha
0/100Dominadas
Siguient"
660,morfosintaxis_flask-claude.zip,morfosintaxis,,,,,
661,El Archivo de Vector  Cuaderno Etimológico,,,,,Cargando...,
662,"100 técnicas de disfemismo metafórico, retórico, positivo y bello",,,,tecnica,,
663,"100 técnicas poéticas universales (narrativas, descriptivas, argumentativas y expositivas) inspirada",,,,tecnica,,
664,Lógica de desafíos.js,,,,,,
665,Cuaderno de Narrativa y Sintaxis  Arquitectura Bilingüe,sintaxis,,,,,"🏛️ Arquitectura
100 técnicas
📖 ¿Cómo guardar en tu"
666,pergamino-sintaxis-caligrafia,sintaxis,,,,,"El pergamino del escriba
Bloque 1 · Hiperbato
Orac"
667,100 técnicas narrativas de lengua castellana y ortografía para secretarias y personal de oficina,ortografia,,,tecnica,,"📋 Técnicas narrativas: Storytelling empresarial, c"
668,100 técnicas de redacción y sintaxis transformacional de la lengua castellana,sintaxis,,,tecnica,,"📌 Todas las categorías
🔄 Transformaciones sintácti"
669,100 técnicas de redacción morfosintáctica para la argumentación científica en la ciencia ficción,redaccion,,,tecnica,,
670,100 Técnicas Narrativas de la Novela Española,,,,tecnica,,
671,1,,,,,,
672,cuaderno-sintaxis-bilingue-figuras,sintaxis,,,,,"🃏 Flashcards
📓 Mi cuaderno
Letra cursiva:
Caveat ("
673,Archivo de Vector Preposiciones,,,,,Cargando...,
674,Saber Pro 100 · Lectura Crítica y Comunicación Escrita · Plataforma de entrenamiento,,,,,,
675,"100 técnicas de redacción preparatorias para el concurso docente en lengua castellana en Colombia, e",redaccion,,,tecnica,,"📌 Todas las categorías
📖 Concurso docente: dominio"
676,100 técnicas de la retórica de la pregunta en la ciencia ficción,retorica,,,tecnica,,
677,100 técnicas de lengua castellana y ortografía para octavo grado de bachillerato colombiano,ortografia,,,tecnica,,8°Currículo colombiano: Lengua Castellana y Ortogr
678,100 técnicas de lengua castellana y ortografía para undécimo grado de bachillerato colombiano,ortografia,,,tecnica,,11°Currículo colombiano: Lengua Castellana y Ortog
679,100 técnicas de redacción en lengua castellana para 10° grado,redaccion,,10°,tecnica,,📚 Redacción Castellana 10°: Preparación para la ed
680,📜 ADJECTIVUM 100 autores  100 adjetivos,adjetivos,,,,,"🟢 sello de cera
0 / 100 adjetivos
○ pendientes
✦ e"
681,Flota Podcast 100 Técnicas,,,,tecnica,,
682,Archivo de Vector  Fonética y Fonología,fonetica,,,,Cargando...,
683,100 técnicas de ortografía avanzada nivel B3 (intermedio alto avanzado),ortografia,B3,,tecnica,,"Ninguna técnica coincide con tu búsqueda.
Galera d"
